[
  {
    "id": 1,
    "first_name": "Brod",
    "last_name": "Peschmann",
    "dateOfBirth": "9/8/2000",
    "startDate": "6/17/2019",
    "address": "64843 Burrows Trail",
    "city": "San Antonio",
    "state": "TX",
    "zipCode": 29541,
    "department": "Human Resources"
  },
  {
    "id": 2,
    "first_name": "Abel",
    "last_name": "Capstick",
    "dateOfBirth": "9/18/1992",
    "startDate": "2/28/2012",
    "address": "131 Arizona Pass",
    "city": "New York City",
    "state": "NY",
    "zipCode": 80293,
    "department": "Marketing"
  },
  {
    "first_name": "Carlynne",
    "last_name": "Cubley",
    "dateOfBirth": "5/17/1998",
    "startDate": "4/11/2009",
    "address": "64 Hoffman Pass",
    "city": "Atlanta",
    "state": "GA",
    "zipCode": 90286,
    "department": "Sales"
  },
  {
    "first_name": "Camala",
    "last_name": "Rollingson",
    "dateOfBirth": "10/23/1989",
    "startDate": "12/31/2013",
    "address": "22426 Independence Pass",
    "city": "New Orleans",
    "state": "LA",
    "zipCode": 52801,
    "department": "Legal"
  },
  {
    "first_name": "Justine",
    "last_name": "Buckthorpe",
    "dateOfBirth": "4/16/2001",
    "startDate": "4/26/2007",
    "address": "79 Kenwood Court",
    "city": "Charlotte",
    "state": "NC",
    "zipCode": 28204,
    "department": "Marketing"
  },
  {
    "first_name": "Kenon",
    "last_name": "Manchester",
    "dateOfBirth": "2/4/1996",
    "startDate": "11/16/2000",
    "address": "7 Banding Hill",
    "city": "New Haven",
    "state": "CT",
    "zipCode": 56433,
    "department": "Engineering"
  },
  {
    "first_name": "Danie",
    "last_name": "Millins",
    "dateOfBirth": "10/14/1997",
    "startDate": "4/20/2023",
    "address": "1 Cordelia Circle",
    "city": "Nashville",
    "state": "TN",
    "zipCode": 66477,
    "department": "Legal"
  },
  {
    "first_name": "Minta",
    "last_name": "Mingardi",
    "dateOfBirth": "10/21/1981",
    "startDate": "9/9/2013",
    "address": "64458 Badeau Avenue",
    "city": "Charleston",
    "state": "SC",
    "zipCode": 24079,
    "department": "Human Resources"
  },
  {
    "first_name": "Di",
    "last_name": "Dougliss",
    "dateOfBirth": "2/27/1997",
    "startDate": "4/19/2011",
    "address": "89004 Myrtle Pass",
    "city": "Laurel",
    "state": "MD",
    "zipCode": 52428,
    "department": "Legal"
  },
  {
    "first_name": "Jud",
    "last_name": "Bedrosian",
    "dateOfBirth": "7/14/1992",
    "startDate": "2/15/2010",
    "address": "2 Linden Lane",
    "city": "Boston",
    "state": "MA",
    "zipCode": 11218,
    "department": "Sales"
  },
  {
    "first_name": "Anne-marie",
    "last_name": "Itzkovwich",
    "dateOfBirth": "12/26/1990",
    "startDate": "4/23/2008",
    "address": "3 Heath Park",
    "city": "Evansville",
    "state": "IN",
    "zipCode": 73800,
    "department": "Human Resources"
  },
  {
    "first_name": "Blythe",
    "last_name": "Marshalleck",
    "dateOfBirth": "1/8/1982",
    "startDate": "2/5/2007",
    "address": "5599 Blackbird Parkway",
    "city": "Mobile",
    "state": "AL",
    "zipCode": 44901,
    "department": "Marketing"
  },
  {
    "first_name": "Annis",
    "last_name": "Dukes",
    "dateOfBirth": "7/27/1994",
    "startDate": "12/10/2000",
    "address": "7439 Daystar Junction",
    "city": "Stockton",
    "state": "CA",
    "zipCode": 8991,
    "department": "Human Resources"
  },
  {
    "first_name": "Shanan",
    "last_name": "Mattessen",
    "dateOfBirth": "9/13/1986",
    "startDate": "7/19/2013",
    "address": "11 Garrison Parkway",
    "city": "New York City",
    "state": "NY",
    "zipCode": 97184,
    "department": "Sales"
  },
  {
    "first_name": "Liliane",
    "last_name": "Girardengo",
    "dateOfBirth": "7/16/1995",
    "startDate": "7/19/2004",
    "address": "2 Derek Circle",
    "city": "Flint",
    "state": "MI",
    "zipCode": 75460,
    "department": "Human Resources"
  },
  {
    "first_name": "Agatha",
    "last_name": "Candy",
    "dateOfBirth": "8/6/1982",
    "startDate": "8/27/2017",
    "address": "0373 Clarendon Plaza",
    "city": "Independence",
    "state": "MO",
    "zipCode": 25116,
    "department": "Sales"
  },
  {
    "first_name": "Maureene",
    "last_name": "De Bruyne",
    "dateOfBirth": "7/20/1989",
    "startDate": "6/13/2020",
    "address": "8 Cascade Parkway",
    "city": "Albany",
    "state": "NY",
    "zipCode": 17935,
    "department": "Human Resources"
  },
  {
    "first_name": "Toddy",
    "last_name": "Douglas",
    "dateOfBirth": "9/7/2001",
    "startDate": "3/11/2011",
    "address": "2105 Stoughton Street",
    "city": "Cincinnati",
    "state": "OH",
    "zipCode": 8652,
    "department": "Marketing"
  },
  {
    "first_name": "Bran",
    "last_name": "Georges",
    "dateOfBirth": "5/25/1987",
    "startDate": "12/27/2022",
    "address": "511 Eagan Alley",
    "city": "Flushing",
    "state": "NY",
    "zipCode": 66295,
    "department": "Legal"
  },
  {
    "first_name": "Germana",
    "last_name": "Castan",
    "dateOfBirth": "7/26/1992",
    "startDate": "9/15/2021",
    "address": "463 Di Loreto Alley",
    "city": "Orlando",
    "state": "FL",
    "zipCode": 44153,
    "department": "Marketing"
  },
  {
    "first_name": "Taryn",
    "last_name": "Swalteridge",
    "dateOfBirth": "2/4/1982",
    "startDate": "2/22/2021",
    "address": "2 Dakota Street",
    "city": "Florence",
    "state": "SC",
    "zipCode": 75253,
    "department": "Human Resources"
  },
  {
    "first_name": "Truman",
    "last_name": "Strongman",
    "dateOfBirth": "1/11/1997",
    "startDate": "3/30/2009",
    "address": "607 Chive Avenue",
    "city": "Pompano Beach",
    "state": "FL",
    "zipCode": 93735,
    "department": "Sales"
  },
  {
    "first_name": "Florentia",
    "last_name": "Opdenort",
    "dateOfBirth": "1/30/1990",
    "startDate": "3/17/2019",
    "address": "4 Vera Crossing",
    "city": "Stockton",
    "state": "CA",
    "zipCode": 18806,
    "department": "Sales"
  },
  {
    "first_name": "Eugine",
    "last_name": "Martynikhin",
    "dateOfBirth": "12/27/1982",
    "startDate": "8/23/2014",
    "address": "19 Division Park",
    "city": "Grand Rapids",
    "state": "MI",
    "zipCode": 54057,
    "department": "Engineering"
  },
  {
    "first_name": "Nan",
    "last_name": "Lethby",
    "dateOfBirth": "10/21/1986",
    "startDate": "10/13/2007",
    "address": "33560 Spenser Trail",
    "city": "Duluth",
    "state": "GA",
    "zipCode": 92434,
    "department": "Engineering"
  },
  {
    "first_name": "Keelia",
    "last_name": "Deyes",
    "dateOfBirth": "1/30/1990",
    "startDate": "8/4/2006",
    "address": "5 Butterfield Point",
    "city": "Tulsa",
    "state": "OK",
    "zipCode": 84312,
    "department": "Human Resources"
  },
  {
    "first_name": "Sonni",
    "last_name": "Hussey",
    "dateOfBirth": "11/23/1993",
    "startDate": "9/23/2017",
    "address": "69 Debra Point",
    "city": "Houston",
    "state": "TX",
    "zipCode": 88971,
    "department": "Legal"
  },
  {
    "first_name": "Dot",
    "last_name": "McMillian",
    "dateOfBirth": "7/18/1984",
    "startDate": "11/10/2012",
    "address": "44 Reindahl Junction",
    "city": "Dayton",
    "state": "OH",
    "zipCode": 2114,
    "department": "Legal"
  },
  {
    "first_name": "Lemmie",
    "last_name": "Eicke",
    "dateOfBirth": "1/25/1992",
    "startDate": "2/11/2021",
    "address": "1671 Lawn Road",
    "city": "Houston",
    "state": "TX",
    "zipCode": 69680,
    "department": "Sales"
  },
  {
    "first_name": "Derek",
    "last_name": "Lalley",
    "dateOfBirth": "4/2/1983",
    "startDate": "4/12/2022",
    "address": "805 Surrey Point",
    "city": "Virginia Beach",
    "state": "VA",
    "zipCode": 54854,
    "department": "Sales"
  },
  {
    "first_name": "Torry",
    "last_name": "Arlett",
    "dateOfBirth": "11/25/1986",
    "startDate": "8/10/2011",
    "address": "6 Holmberg Terrace",
    "city": "Amarillo",
    "state": "TX",
    "zipCode": 15500,
    "department": "Marketing"
  },
  {
    "first_name": "Hildagard",
    "last_name": "Thandi",
    "dateOfBirth": "7/11/1998",
    "startDate": "10/12/2014",
    "address": "58465 Dryden Way",
    "city": "North Las Vegas",
    "state": "NV",
    "zipCode": 54758,
    "department": "Sales"
  },
  {
    "first_name": "Rhetta",
    "last_name": "Degenhardt",
    "dateOfBirth": "3/2/1981",
    "startDate": "2/14/2022",
    "address": "4 Farmco Terrace",
    "city": "Fort Wayne",
    "state": "IN",
    "zipCode": 98903,
    "department": "Sales"
  },
  {
    "first_name": "Celine",
    "last_name": "McGeneay",
    "dateOfBirth": "9/1/1980",
    "startDate": "8/31/2018",
    "address": "892 Arapahoe Drive",
    "city": "Baltimore",
    "state": "MD",
    "zipCode": 46506,
    "department": "Sales"
  },
  {
    "first_name": "Egon",
    "last_name": "Connah",
    "dateOfBirth": "6/9/1993",
    "startDate": "4/7/2017",
    "address": "676 Brickson Park Crossing",
    "city": "Abilene",
    "state": "TX",
    "zipCode": 95611,
    "department": "Sales"
  },
  {
    "first_name": "Nefen",
    "last_name": "Fattorini",
    "dateOfBirth": "6/20/1993",
    "startDate": "11/21/2013",
    "address": "9 Walton Pass",
    "city": "Nashville",
    "state": "TN",
    "zipCode": 42563,
    "department": "Engineering"
  },
  {
    "first_name": "Enrica",
    "last_name": "Greir",
    "dateOfBirth": "10/12/1980",
    "startDate": "2/10/2000",
    "address": "03226 Eggendart Plaza",
    "city": "Torrance",
    "state": "CA",
    "zipCode": 51930,
    "department": "Marketing"
  },
  {
    "first_name": "Millicent",
    "last_name": "Bruffell",
    "dateOfBirth": "12/13/1998",
    "startDate": "3/29/2006",
    "address": "805 North Place",
    "city": "Boca Raton",
    "state": "FL",
    "zipCode": 87034,
    "department": "Sales"
  },
  {
    "first_name": "Penny",
    "last_name": "MacLeod",
    "dateOfBirth": "4/2/1986",
    "startDate": "9/10/2018",
    "address": "8239 Buhler Trail",
    "city": "Monticello",
    "state": "MN",
    "zipCode": 65377,
    "department": "Engineering"
  },
  {
    "first_name": "Heall",
    "last_name": "Vaughan-Hughes",
    "dateOfBirth": "1/6/1997",
    "startDate": "2/13/2001",
    "address": "2 Grover Plaza",
    "city": "Dayton",
    "state": "OH",
    "zipCode": 95009,
    "department": "Marketing"
  },
  {
    "first_name": "Ailbert",
    "last_name": "Wormell",
    "dateOfBirth": "9/1/1990",
    "startDate": "6/28/2014",
    "address": "678 Carioca Drive",
    "city": "Boise",
    "state": "ID",
    "zipCode": 5805,
    "department": "Sales"
  },
  {
    "first_name": "Randee",
    "last_name": "Boice",
    "dateOfBirth": "3/1/1985",
    "startDate": "5/15/2022",
    "address": "795 Harbort Plaza",
    "city": "Honolulu",
    "state": "HI",
    "zipCode": 98062,
    "department": "Marketing"
  },
  {
    "first_name": "Marissa",
    "last_name": "Tick",
    "dateOfBirth": "8/24/1983",
    "startDate": "6/22/2021",
    "address": "068 Maryland Alley",
    "city": "Virginia Beach",
    "state": "VA",
    "zipCode": 96501,
    "department": "Human Resources"
  },
  {
    "first_name": "Papageno",
    "last_name": "Bruhnicke",
    "dateOfBirth": "8/27/1988",
    "startDate": "2/3/2005",
    "address": "56 Prairie Rose Terrace",
    "city": "Charlotte",
    "state": "NC",
    "zipCode": 74580,
    "department": "Human Resources"
  },
  {
    "first_name": "Donnie",
    "last_name": "Rraundl",
    "dateOfBirth": "1/17/2001",
    "startDate": "1/10/2012",
    "address": "77108 Crescent Oaks Alley",
    "city": "Duluth",
    "state": "GA",
    "zipCode": 64031,
    "department": "Human Resources"
  },
  {
    "first_name": "Lorne",
    "last_name": "Tomaini",
    "dateOfBirth": "6/8/1992",
    "startDate": "4/25/2021",
    "address": "5781 Quincy Road",
    "city": "Stamford",
    "state": "CT",
    "zipCode": 67261,
    "department": "Engineering"
  },
  {
    "first_name": "Grete",
    "last_name": "Ferrar",
    "dateOfBirth": "4/19/1995",
    "startDate": "8/7/2003",
    "address": "0823 Sycamore Drive",
    "city": "Lake Worth",
    "state": "FL",
    "zipCode": 5673,
    "department": "Legal"
  },
  {
    "first_name": "Harriette",
    "last_name": "Ballsdon",
    "dateOfBirth": "4/30/1995",
    "startDate": "1/23/2022",
    "address": "4369 Clarendon Point",
    "city": "Macon",
    "state": "GA",
    "zipCode": 97355,
    "department": "Sales"
  },
  {
    "first_name": "Janet",
    "last_name": "Wraight",
    "dateOfBirth": "5/10/1983",
    "startDate": "12/7/2007",
    "address": "99 Victoria Junction",
    "city": "Phoenix",
    "state": "AZ",
    "zipCode": 85519,
    "department": "Marketing"
  },
  {
    "first_name": "Petronille",
    "last_name": "Kunc",
    "dateOfBirth": "3/13/1987",
    "startDate": "3/7/2013",
    "address": "15091 6th Drive",
    "city": "Tampa",
    "state": "FL",
    "zipCode": 8091,
    "department": "Legal"
  },
  {
    "first_name": "Ari",
    "last_name": "Shelly",
    "dateOfBirth": "9/18/1995",
    "startDate": "1/23/2011",
    "address": "3 Lien Place",
    "city": "Lake Charles",
    "state": "LA",
    "zipCode": 25912,
    "department": "Sales"
  },
  {
    "first_name": "Rich",
    "last_name": "Whelan",
    "dateOfBirth": "7/18/1989",
    "startDate": "2/6/2022",
    "address": "39642 2nd Crossing",
    "city": "Los Angeles",
    "state": "CA",
    "zipCode": 16728,
    "department": "Engineering"
  },
  {
    "first_name": "Auberta",
    "last_name": "Pawlicki",
    "dateOfBirth": "5/15/1998",
    "startDate": "6/1/2019",
    "address": "859 Blaine Park",
    "city": "Albuquerque",
    "state": "NM",
    "zipCode": 72491,
    "department": "Engineering"
  },
  {
    "first_name": "Andris",
    "last_name": "Swalwel",
    "dateOfBirth": "4/1/1998",
    "startDate": "8/20/2000",
    "address": "69458 Monica Circle",
    "city": "Lancaster",
    "state": "PA",
    "zipCode": 98464,
    "department": "Marketing"
  },
  {
    "first_name": "Caitrin",
    "last_name": "Sirr",
    "dateOfBirth": "4/29/1993",
    "startDate": "3/3/2003",
    "address": "59 Northridge Pass",
    "city": "Bakersfield",
    "state": "CA",
    "zipCode": 48642,
    "department": "Legal"
  },
  {
    "first_name": "Dunc",
    "last_name": "Tinn",
    "dateOfBirth": "9/28/1996",
    "startDate": "11/28/2014",
    "address": "65663 Mendota Point",
    "city": "Rockville",
    "state": "MD",
    "zipCode": 23389,
    "department": "Sales"
  },
  {
    "first_name": "Corene",
    "last_name": "Rollo",
    "dateOfBirth": "8/4/1986",
    "startDate": "3/28/2008",
    "address": "45290 Pleasure Avenue",
    "city": "Albany",
    "state": "NY",
    "zipCode": 37091,
    "department": "Human Resources"
  },
  {
    "first_name": "Wilmar",
    "last_name": "Maytom",
    "dateOfBirth": "12/23/1991",
    "startDate": "12/11/2000",
    "address": "263 Clemons Parkway",
    "city": "Boise",
    "state": "ID",
    "zipCode": 60448,
    "department": "Human Resources"
  },
  {
    "first_name": "Gabrila",
    "last_name": "Jeanesson",
    "dateOfBirth": "3/9/1988",
    "startDate": "2/21/2001",
    "address": "3 Vernon Plaza",
    "city": "Los Angeles",
    "state": "CA",
    "zipCode": 47868,
    "department": "Sales"
  },
  {
    "first_name": "Batsheva",
    "last_name": "Thwaites",
    "dateOfBirth": "4/25/1988",
    "startDate": "6/18/2023",
    "address": "9246 Talisman Street",
    "city": "Milwaukee",
    "state": "WI",
    "zipCode": 70071,
    "department": "Sales"
  },
  {
    "first_name": "Mickey",
    "last_name": "Feathersby",
    "dateOfBirth": "5/15/1997",
    "startDate": "6/18/2006",
    "address": "878 Bashford Alley",
    "city": "Houston",
    "state": "TX",
    "zipCode": 25381,
    "department": "Legal"
  },
  {
    "first_name": "Harlie",
    "last_name": "Arrighi",
    "dateOfBirth": "8/22/1984",
    "startDate": "1/14/2005",
    "address": "6 Sugar Crossing",
    "city": "New York City",
    "state": "NY",
    "zipCode": 20781,
    "department": "Sales"
  },
  {
    "first_name": "Lauri",
    "last_name": "Weathey",
    "dateOfBirth": "10/6/1996",
    "startDate": "4/22/2019",
    "address": "83876 Reinke Avenue",
    "city": "Richmond",
    "state": "VA",
    "zipCode": 85422,
    "department": "Marketing"
  },
  {
    "first_name": "Antonia",
    "last_name": "Fearne",
    "dateOfBirth": "11/11/1980",
    "startDate": "5/5/2019",
    "address": "3762 Eastwood Lane",
    "city": "Hartford",
    "state": "CT",
    "zipCode": 5471,
    "department": "Human Resources"
  },
  {
    "first_name": "Ruby",
    "last_name": "Ellaman",
    "dateOfBirth": "3/16/1984",
    "startDate": "1/22/2022",
    "address": "471 Milwaukee Pass",
    "city": "Corpus Christi",
    "state": "TX",
    "zipCode": 28024,
    "department": "Human Resources"
  },
  {
    "first_name": "Darya",
    "last_name": "Leggin",
    "dateOfBirth": "10/13/1980",
    "startDate": "6/14/2008",
    "address": "97 7th Circle",
    "city": "Pomona",
    "state": "CA",
    "zipCode": 91676,
    "department": "Legal"
  },
  {
    "first_name": "Amara",
    "last_name": "Gullam",
    "dateOfBirth": "11/22/1995",
    "startDate": "5/22/2013",
    "address": "22308 Mesta Park",
    "city": "Akron",
    "state": "OH",
    "zipCode": 54750,
    "department": "Marketing"
  },
  {
    "first_name": "Radcliffe",
    "last_name": "Bickerstasse",
    "dateOfBirth": "10/7/1990",
    "startDate": "4/28/2003",
    "address": "8127 Mayer Terrace",
    "city": "Wichita",
    "state": "KS",
    "zipCode": 56936,
    "department": "Sales"
  },
  {
    "first_name": "Edik",
    "last_name": "McClements",
    "dateOfBirth": "11/6/1985",
    "startDate": "4/10/2011",
    "address": "75562 Burrows Center",
    "city": "Fort Wayne",
    "state": "IN",
    "zipCode": 23014,
    "department": "Marketing"
  },
  {
    "first_name": "Karol",
    "last_name": "Belward",
    "dateOfBirth": "4/15/1985",
    "startDate": "1/14/2010",
    "address": "6916 Old Shore Street",
    "city": "Los Angeles",
    "state": "CA",
    "zipCode": 87980,
    "department": "Human Resources"
  },
  {
    "first_name": "Gino",
    "last_name": "Wapples",
    "dateOfBirth": "3/18/1997",
    "startDate": "8/15/2012",
    "address": "3988 Bluestem Street",
    "city": "Portland",
    "state": "ME",
    "zipCode": 63339,
    "department": "Human Resources"
  },
  {
    "first_name": "Adel",
    "last_name": "Pucker",
    "dateOfBirth": "2/15/1980",
    "startDate": "7/9/2008",
    "address": "9 Riverside Place",
    "city": "Macon",
    "state": "GA",
    "zipCode": 91624,
    "department": "Engineering"
  },
  {
    "first_name": "Dom",
    "last_name": "Itter",
    "dateOfBirth": "3/27/1987",
    "startDate": "4/10/2017",
    "address": "781 Stephen Court",
    "city": "Santa Clara",
    "state": "CA",
    "zipCode": 71202,
    "department": "Sales"
  },
  {
    "first_name": "Emmalynne",
    "last_name": "Scarff",
    "dateOfBirth": "7/5/1986",
    "startDate": "9/20/2017",
    "address": "2 Florence Plaza",
    "city": "Las Vegas",
    "state": "NV",
    "zipCode": 36038,
    "department": "Marketing"
  },
  {
    "first_name": "Case",
    "last_name": "Mewhirter",
    "dateOfBirth": "12/22/1995",
    "startDate": "11/6/2004",
    "address": "2 Kings Circle",
    "city": "Norwalk",
    "state": "CT",
    "zipCode": 8622,
    "department": "Sales"
  },
  {
    "first_name": "Bren",
    "last_name": "Beavon",
    "dateOfBirth": "6/17/1999",
    "startDate": "12/6/2004",
    "address": "1 Clarendon Street",
    "city": "Atlanta",
    "state": "GA",
    "zipCode": 21746,
    "department": "Human Resources"
  },
  {
    "first_name": "Raynard",
    "last_name": "Schirak",
    "dateOfBirth": "8/19/1995",
    "startDate": "7/31/2021",
    "address": "38 Pankratz Circle",
    "city": "Charlottesville",
    "state": "VA",
    "zipCode": 14374,
    "department": "Marketing"
  },
  {
    "first_name": "Seka",
    "last_name": "Dearle",
    "dateOfBirth": "10/2/1994",
    "startDate": "7/20/2000",
    "address": "0 Valley Edge Junction",
    "city": "Arvada",
    "state": "CO",
    "zipCode": 45170,
    "department": "Marketing"
  },
  {
    "first_name": "Clari",
    "last_name": "Alexsandrov",
    "dateOfBirth": "10/18/2001",
    "startDate": "10/16/2006",
    "address": "7282 Utah Plaza",
    "city": "Houston",
    "state": "TX",
    "zipCode": 77568,
    "department": "Legal"
  },
  {
    "first_name": "Karylin",
    "last_name": "Firbanks",
    "dateOfBirth": "12/11/1981",
    "startDate": "11/10/2002",
    "address": "15 Rockefeller Avenue",
    "city": "New York City",
    "state": "NY",
    "zipCode": 23029,
    "department": "Marketing"
  },
  {
    "first_name": "Zerk",
    "last_name": "Hegel",
    "dateOfBirth": "1/28/1994",
    "startDate": "12/2/2002",
    "address": "0 Katie Pass",
    "city": "Kansas City",
    "state": "MO",
    "zipCode": 98199,
    "department": "Marketing"
  },
  {
    "first_name": "Jasper",
    "last_name": "Hews",
    "dateOfBirth": "11/29/1988",
    "startDate": "6/21/2009",
    "address": "86 Loeprich Crossing",
    "city": "Dallas",
    "state": "TX",
    "zipCode": 39624,
    "department": "Sales"
  },
  {
    "first_name": "Leanor",
    "last_name": "Coltart",
    "dateOfBirth": "4/15/1987",
    "startDate": "1/27/2003",
    "address": "4766 South Trail",
    "city": "Athens",
    "state": "GA",
    "zipCode": 44762,
    "department": "Engineering"
  },
  {
    "first_name": "Wyatan",
    "last_name": "Del Castello",
    "dateOfBirth": "4/10/1998",
    "startDate": "3/9/2010",
    "address": "8 Clarendon Crossing",
    "city": "El Paso",
    "state": "TX",
    "zipCode": 18616,
    "department": "Legal"
  },
  {
    "first_name": "Maddi",
    "last_name": "Guinane",
    "dateOfBirth": "9/4/1996",
    "startDate": "1/19/2001",
    "address": "88052 Merchant Plaza",
    "city": "Erie",
    "state": "PA",
    "zipCode": 59013,
    "department": "Engineering"
  },
  {
    "first_name": "Jessika",
    "last_name": "Matusson",
    "dateOfBirth": "2/6/1998",
    "startDate": "12/23/2015",
    "address": "4587 Merry Center",
    "city": "New York City",
    "state": "NY",
    "zipCode": 28666,
    "department": "Human Resources"
  },
  {
    "first_name": "Christoforo",
    "last_name": "Richings",
    "dateOfBirth": "8/16/1985",
    "startDate": "6/19/2019",
    "address": "207 Hazelcrest Circle",
    "city": "New York City",
    "state": "NY",
    "zipCode": 61862,
    "department": "Human Resources"
  },
  {
    "first_name": "Kippy",
    "last_name": "Gray",
    "dateOfBirth": "9/5/1983",
    "startDate": "7/10/2015",
    "address": "59058 Cambridge Trail",
    "city": "Norfolk",
    "state": "VA",
    "zipCode": 46256,
    "department": "Human Resources"
  },
  {
    "first_name": "Harv",
    "last_name": "Konert",
    "dateOfBirth": "11/11/1992",
    "startDate": "9/15/2022",
    "address": "438 Truax Trail",
    "city": "Baton Rouge",
    "state": "LA",
    "zipCode": 16010,
    "department": "Legal"
  },
  {
    "first_name": "See",
    "last_name": "Lukehurst",
    "dateOfBirth": "1/31/1983",
    "startDate": "8/10/2005",
    "address": "44 Sullivan Way",
    "city": "Orlando",
    "state": "FL",
    "zipCode": 20111,
    "department": "Legal"
  },
  {
    "first_name": "Cymbre",
    "last_name": "McAnulty",
    "dateOfBirth": "10/31/1980",
    "startDate": "4/15/2013",
    "address": "709 Lake View Street",
    "city": "Savannah",
    "state": "GA",
    "zipCode": 8008,
    "department": "Sales"
  },
  {
    "first_name": "Ruby",
    "last_name": "Scini",
    "dateOfBirth": "7/8/1994",
    "startDate": "5/18/2008",
    "address": "1200 Meadow Valley Circle",
    "city": "New Orleans",
    "state": "LA",
    "zipCode": 51140,
    "department": "Human Resources"
  },
  {
    "first_name": "Velma",
    "last_name": "Hardcastle",
    "dateOfBirth": "6/28/1980",
    "startDate": "9/1/2005",
    "address": "55190 Mallard Pass",
    "city": "San Francisco",
    "state": "CA",
    "zipCode": 87694,
    "department": "Marketing"
  },
  {
    "first_name": "Della",
    "last_name": "Climson",
    "dateOfBirth": "5/13/1987",
    "startDate": "6/10/2009",
    "address": "581 4th Drive",
    "city": "San Rafael",
    "state": "CA",
    "zipCode": 55056,
    "department": "Human Resources"
  },
  {
    "first_name": "Bernardo",
    "last_name": "Herche",
    "dateOfBirth": "7/4/1991",
    "startDate": "4/20/2012",
    "address": "0009 Eagan Crossing",
    "city": "Cincinnati",
    "state": "OH",
    "zipCode": 84757,
    "department": "Sales"
  },
  {
    "first_name": "Egor",
    "last_name": "Bedford",
    "dateOfBirth": "1/13/1999",
    "startDate": "2/8/2009",
    "address": "94 Logan Center",
    "city": "Dallas",
    "state": "TX",
    "zipCode": 68494,
    "department": "Marketing"
  },
  {
    "first_name": "Demetria",
    "last_name": "Newgrosh",
    "dateOfBirth": "4/8/1982",
    "startDate": "9/1/2000",
    "address": "18 Pierstorff Parkway",
    "city": "Arlington",
    "state": "TX",
    "zipCode": 23400,
    "department": "Engineering"
  },
  {
    "first_name": "Rosemarie",
    "last_name": "Pether",
    "dateOfBirth": "5/20/1981",
    "startDate": "7/4/2022",
    "address": "80 Vahlen Way",
    "city": "North Las Vegas",
    "state": "NV",
    "zipCode": 28678,
    "department": "Legal"
  },
  {
    "first_name": "Onida",
    "last_name": "Dike",
    "dateOfBirth": "7/24/1995",
    "startDate": "4/24/2002",
    "address": "8 Prairieview Road",
    "city": "Tacoma",
    "state": "WA",
    "zipCode": 13753,
    "department": "Human Resources"
  },
  {
    "first_name": "Ernie",
    "last_name": "Bowcock",
    "dateOfBirth": "12/2/1992",
    "startDate": "10/7/2009",
    "address": "84976 Kipling Crossing",
    "city": "Washington",
    "state": "DC",
    "zipCode": 88233,
    "department": "Sales"
  }
]
